{"episodic_reward": 1698.0, "episodic_length": 100, "connected_users": 2522.0, "global_steps": 60, "_timestamp": 1685656140.5803714, "_runtime": 753.1804664134979, "_step": 60, "_wandb": {"runtime": 772}}