{"episodic_reward": 1944.0, "episodic_length": 100, "connected_users": 2560.0, "global_steps": 5, "_timestamp": 1685655443.2590418, "_runtime": 55.85913681983948, "_step": 5}