{"episodic_reward": 2771.0, "episodic_length": 100, "connected_users": 2903.0, "global_steps": 199, "_timestamp": 1685577074.1765816, "_runtime": 4106.527501583099, "_step": 199, "_wandb": {"runtime": 4107}}