{"episodic_reward": 3259.0, "episodic_length": 100, "connected_users": 3327.0, "global_steps": 216, "_timestamp": 1685560913.6193433, "_runtime": 48961.16122031212, "_step": 216, "_wandb": {"runtime": 49147}}