{"episodic_reward": 2944.0, "episodic_length": 100, "connected_users": 3176.0, "global_steps": 7, "_timestamp": 1684997170.1268163, "_runtime": 1438.8364033699036, "_step": 7}