{"episodic_reward": 2975.0, "episodic_length": 100, "connected_users": 3035.0, "global_steps": 199, "_timestamp": 1685577766.3081234, "_runtime": 4698.607452392578, "_step": 199, "_wandb": {"runtime": 4699}}