{"episodic_reward": 1758.0, "episodic_length": 100, "connected_users": 2550.0, "global_steps": 71, "_timestamp": 1685667865.5593271, "_runtime": 729.2454900741577, "_step": 71, "_wandb": {"runtime": 737}}