{"episodic_reward": 1904.0, "episodic_length": 100, "connected_users": 2564.0, "global_steps": 0, "_timestamp": 1684988339.8431606, "_runtime": 160.50098252296448, "_step": 0, "_wandb": {"runtime": 204}}