{"episodic_reward": 894.0, "episodic_length": 100, "connected_users": 1560.0, "global_steps": 70, "_timestamp": 1685653106.8139853, "_runtime": 518.7908072471619, "_step": 70, "_wandb": {"runtime": 523}}