{"episodic_reward": 5260.0, "episodic_length": 100, "connected_users": 5308.0, "global_steps": 224, "_timestamp": 1685562620.152009, "_runtime": 50682.86767101288, "_step": 224, "_wandb": {"runtime": 50800}}