{"episodic_reward": 4814.0, "episodic_length": 100, "connected_users": 4886.0, "global_steps": 221, "_timestamp": 1685561205.528775, "_runtime": 49268.244436979294, "_step": 221}