{"episodic_reward": 1568.0, "episodic_length": 100, "connected_users": 1568.0, "global_steps": 87, "_timestamp": 1684979678.626102, "_runtime": 16988.346529006958, "_step": 87}