{"episodic_reward": 3290.0, "episodic_length": 100, "connected_users": 3290.0, "global_steps": 249, "_timestamp": 1685010237.9400659, "_runtime": 47547.660492897034, "_step": 249, "_wandb": {"runtime": 47548}}