{"episodic_reward": 1992.0, "episodic_length": 100, "connected_users": 2458.0, "global_steps": 79, "_timestamp": 1685015229.2462983, "_runtime": 17668.123655319214, "_step": 79, "_wandb": {"runtime": 17669}}