{"episodic_reward": 2524.0, "episodic_length": 100, "connected_users": 2972.0, "global_steps": 20, "_timestamp": 1685656891.3933518, "_runtime": 292.5045557022095, "_step": 20, "_wandb": {"runtime": 371}}