{"episodic_reward": 3226.0, "episodic_length": 100, "connected_users": 3226.0, "global_steps": 249, "_timestamp": 1685009032.164314, "_runtime": 46605.412945985794, "_step": 249, "_wandb": {"runtime": 46604}}