{"episodic_reward": 3514.0, "episodic_length": 100, "connected_users": 3514.0, "global_steps": 92, "_timestamp": 1684979609.6000373, "_runtime": 17182.848669290543, "_step": 92}