{"episodic_reward": 2609.0, "episodic_length": 100, "connected_users": 2991.0, "global_steps": 19, "_timestamp": 1685656252.8177397, "_runtime": 920.1514618396759, "_step": 19, "_wandb": {"runtime": 995}}