{"episodic_reward": 849.0, "episodic_length": 100, "connected_users": 1677.0, "global_steps": 10, "_timestamp": 1685655437.6341271, "_runtime": 104.96784925460815, "_step": 10}