{"episodic_reward": 1830.0, "episodic_length": 100, "connected_users": 2306.0, "global_steps": 30, "_timestamp": 1684995574.7483437, "_runtime": 7125.169077634811, "_step": 30, "_wandb": {"runtime": 7143}}