{"episodic_reward": 1354.0, "episodic_length": 100, "connected_users": 2076.0, "global_steps": 30, "_timestamp": 1684995443.5643947, "_runtime": 6941.753883600235, "_step": 30, "_wandb": {"runtime": 7102}}