{"episodic_reward": 2765.0, "episodic_length": 100, "connected_users": 3041.0, "global_steps": 199, "_timestamp": 1685577880.0225945, "_runtime": 4695.894595384598, "_step": 199, "_wandb": {"runtime": 4697}}