{"episodic_reward": 3289.0, "episodic_length": 100, "connected_users": 3371.0, "global_steps": 79, "_timestamp": 1685075167.5519822, "_runtime": 17658.97541809082, "_step": 79, "_wandb": {"runtime": 17660}}