{"episodic_reward": 3044.0, "episodic_length": 100, "connected_users": 3044.0, "global_steps": 17, "_timestamp": 1684961775.7924142, "_runtime": 4320.6155252456665, "_step": 17}