{"episodic_reward": 3356.0, "episodic_length": 100, "connected_users": 3356.0, "global_steps": 49, "_timestamp": 1684969579.8680837, "_runtime": 12124.69119477272, "_step": 49, "_wandb": {"runtime": 12125}}