{"episodic_reward": 2587.0, "episodic_length": 100, "connected_users": 2587.0, "global_steps": 32, "_timestamp": 1684986873.2491014, "_runtime": 8429.290645360947, "_step": 32}