{"episodic_reward": 2506.0, "episodic_length": 100, "connected_users": 2506.0, "global_steps": 10, "_timestamp": 1684981101.5138452, "_runtime": 2657.5553891658783, "_step": 10}