{"episodic_reward": 2219.0, "episodic_length": 100, "connected_users": 2219.0, "global_steps": 36, "_timestamp": 1684987935.1183605, "_runtime": 9491.15990447998, "_step": 36, "_wandb": {"runtime": 9649}}