{"episodic_reward": 2203.0, "episodic_length": 100, "connected_users": 2203.0, "global_steps": 5, "_timestamp": 1684979871.5603805, "_runtime": 1427.601924419403, "_step": 5}