{"episodic_reward": 2653.0, "episodic_length": 100, "connected_users": 2653.0, "global_steps": 11, "_timestamp": 1684981339.1323874, "_runtime": 2895.1739313602448, "_step": 11}