{"episodic_reward": 1020.0, "episodic_length": 100, "connected_users": 1862.0, "global_steps": 349, "_timestamp": 1685662383.1982098, "_runtime": 5098.128682851791, "_step": 349, "_wandb": {"runtime": 5099}}