{"episodic_reward": 682.0, "episodic_length": 100, "connected_users": 1540.0, "global_steps": 44, "_timestamp": 1685653103.7675138, "_runtime": 371.12095284461975, "_step": 44, "_wandb": {"runtime": 372}}