{"episodic_reward": 3121.0, "episodic_length": 100, "connected_users": 3121.0, "global_steps": 87, "_timestamp": 1684979698.736581, "_runtime": 17192.03342318535, "_step": 87}