{"episodic_reward": 2884.0, "episodic_length": 100, "connected_users": 2884.0, "global_steps": 249, "_timestamp": 1685010963.5666373, "_runtime": 48456.86347937584, "_step": 249, "_wandb": {"runtime": 48458}}