{"episodic_reward": 1666.0, "episodic_length": 100, "connected_users": 2210.0, "global_steps": 1, "_timestamp": 1685563171.697446, "_runtime": 330.91392707824707, "_step": 1, "_wandb": {"runtime": 387}}