{"episodic_reward": 3289.0, "episodic_length": 100, "connected_users": 3371.0, "global_steps": 79, "_timestamp": 1685075235.8695931, "_runtime": 17745.461591243744, "_step": 79, "_wandb": {"runtime": 17745}}