{"episodic_reward": 3370.0, "episodic_length": 100, "connected_users": 3370.0, "global_steps": 49, "_timestamp": 1684906202.1938765, "_runtime": 20399.537058591843, "_step": 49, "_wandb": {"runtime": 20400}}