{"episodic_reward": 496.0, "episodic_length": 100, "connected_users": 1384.0, "global_steps": 349, "_timestamp": 1685663183.2925773, "_runtime": 5967.472645282745, "_step": 349, "_wandb": {"runtime": 5968}}