{"episodic_reward": 1924.0, "episodic_length": 100, "connected_users": 2346.0, "global_steps": 79, "_timestamp": 1685066311.798034, "_runtime": 18655.498120069504, "_step": 79, "_wandb": {"runtime": 18656}}