{"episodic_reward": 2426.0, "episodic_length": 100, "connected_users": 2426.0, "global_steps": 49, "_timestamp": 1684906189.1896694, "_runtime": 20195.60578942299, "_step": 49, "_wandb": {"runtime": 20196}}