{"episodic_reward": 561.0, "episodic_length": 100, "connected_users": 1337.0, "global_steps": 83, "_timestamp": 1685654176.2247765, "_runtime": 927.3185184001923, "_step": 83, "_wandb": {"runtime": 934}}