{"episodic_reward": 600.0, "episodic_length": 100, "connected_users": 1244.0, "global_steps": 67, "_timestamp": 1685653225.172501, "_runtime": 540.7598581314087, "_step": 67}