{"episodic_reward": 1296.0, "episodic_length": 100, "connected_users": 1946.0, "global_steps": 161, "_timestamp": 1685654180.46865, "_runtime": 1496.0560071468353, "_step": 161, "_wandb": {"runtime": 1504}}