{"episodic_reward": 2075.0, "episodic_length": 100, "connected_users": 2715.0, "global_steps": 17, "_timestamp": 1685656304.0199168, "_runtime": 908.3698718547821, "_step": 17, "_wandb": {"runtime": 925}}