{"episodic_reward": 1289.0, "episodic_length": 100, "connected_users": 2043.0, "global_steps": 2, "_timestamp": 1685655446.2014978, "_runtime": 50.55145287513733, "_step": 2}