{"episodic_reward": 2772.0, "episodic_length": 100, "connected_users": 2772.0, "global_steps": 14, "_timestamp": 1684869877.3428829, "_runtime": 7399.608677864075, "_step": 14, "_wandb": {"runtime": 7559}}