{"episodic_reward": 2772.0, "episodic_length": 100, "connected_users": 2772.0, "global_steps": 14, "_timestamp": 1684868215.5169096, "_runtime": 5841.607476711273, "_step": 14, "_wandb": {"runtime": 6010}}