{"episodic_reward": 870.0, "episodic_length": 100, "connected_users": 1710.0, "global_steps": 14, "_timestamp": 1685653050.9552097, "_runtime": 143.13908863067627, "_step": 14, "_wandb": {"runtime": 143}}