{"episodic_reward": 4112.0, "episodic_length": 100, "connected_users": 4112.0, "global_steps": 49, "_timestamp": 1684896464.348965, "_runtime": 23295.819159030914, "_step": 49, "_wandb": {"runtime": 23297}}