{"episodic_reward": 1376.0, "episodic_length": 100, "connected_users": 2144.0, "global_steps": 10, "_timestamp": 1685655439.1887698, "_runtime": 115.75672674179077, "_step": 10}