{"episodic_reward": 2483.0, "episodic_length": 100, "connected_users": 3177.0, "global_steps": 17, "_timestamp": 1685656079.8943346, "_runtime": 756.4622914791107, "_step": 17, "_wandb": {"runtime": 1000}}