{"episodic_reward": 4482.0, "episodic_length": 100, "connected_users": 4482.0, "global_steps": 80, "_timestamp": 1684981317.5442564, "_runtime": 19641.030651330948, "_step": 80}