{"episodic_reward": 4030.0, "episodic_length": 100, "connected_users": 4030.0, "global_steps": 67, "_timestamp": 1684978248.4696841, "_runtime": 16571.956079006195, "_step": 67}