{"episodic_reward": 3518.0, "episodic_length": 100, "connected_users": 3518.0, "global_steps": 103, "_timestamp": 1684986746.3059754, "_runtime": 25069.792370319366, "_step": 103}