{"episodic_reward": 4862.0, "episodic_length": 100, "connected_users": 4862.0, "global_steps": 107, "_timestamp": 1684987689.8907843, "_runtime": 26013.377179145813, "_step": 107, "_wandb": {"runtime": 26222}}