{"episodic_reward": 3391.0, "episodic_length": 100, "connected_users": 3391.0, "global_steps": 74, "_timestamp": 1684979981.0259805, "_runtime": 18304.512375354767, "_step": 74}