{"episodic_reward": 4443.0, "episodic_length": 100, "connected_users": 4443.0, "global_steps": 79, "_timestamp": 1684981097.4093702, "_runtime": 19420.895765066147, "_step": 79}