{"episodic_reward": 3740.0, "episodic_length": 100, "connected_users": 3740.0, "global_steps": 73, "_timestamp": 1684979735.4888375, "_runtime": 18058.975232362747, "_step": 73}