{"episodic_reward": 3642.0, "episodic_length": 100, "connected_users": 3642.0, "global_steps": 140, "_timestamp": 1684978073.1019957, "_runtime": 61572.785336732864, "_step": 140}