{"episodic_reward": 3895.0, "episodic_length": 100, "connected_users": 3895.0, "global_steps": 148, "_timestamp": 1684980027.1138036, "_runtime": 63526.79714465141, "_step": 148}