{"episodic_reward": 4137.0, "episodic_length": 100, "connected_users": 4137.0, "global_steps": 147, "_timestamp": 1684979785.4390886, "_runtime": 63285.1224296093, "_step": 147}