{"episodic_reward": 3708.0, "episodic_length": 100, "connected_users": 3708.0, "global_steps": 149, "_timestamp": 1684980258.8277829, "_runtime": 63758.511123895645, "_step": 149, "_wandb": {"runtime": 63759}}