{"episodic_reward": 3525.0, "episodic_length": 100, "connected_users": 3525.0, "global_steps": 71, "_timestamp": 1684961762.7045896, "_runtime": 45262.38793063164, "_step": 71}