{"episodic_reward": 3526.0, "episodic_length": 100, "connected_users": 3694.0, "global_steps": 29, "_timestamp": 1684995577.6677482, "_runtime": 6673.616263151169, "_step": 29, "_wandb": {"runtime": 6704}}