{"episodic_reward": 3767.0, "episodic_length": 100, "connected_users": 3767.0, "global_steps": 5, "_timestamp": 1684912705.0746791, "_runtime": 1316.0426261425018, "_step": 5}