{"episodic_reward": 3988.0, "episodic_length": 100, "connected_users": 3988.0, "global_steps": 144, "_timestamp": 1684951349.7172573, "_runtime": 35380.007538318634, "_step": 144, "_wandb": {"runtime": 35574}}