{"episodic_reward": 2564.0, "episodic_length": 100, "connected_users": 2564.0, "global_steps": 0, "_timestamp": 1684916133.4852748, "_runtime": 163.77555584907532, "_step": 0}