{"episodic_reward": 1797.0, "episodic_length": 100, "connected_users": 2541.0, "global_steps": 33, "_timestamp": 1685656952.220173, "_runtime": 328.95414090156555, "_step": 33, "_wandb": {"runtime": 338}}