{"episodic_reward": 1253.0, "episodic_length": 100, "connected_users": 2111.0, "global_steps": 2, "_timestamp": 1684988439.41552, "_runtime": 576.6367449760437, "_step": 2, "_wandb": {"runtime": 590}}