{"episodic_reward": 3552.0, "episodic_length": 100, "connected_users": 3552.0, "global_steps": 49, "_timestamp": 1684888295.331475, "_runtime": 21078.216264009476, "_step": 49, "_wandb": {"runtime": 21079}}