{"episodic_reward": 690.0, "episodic_length": 100, "connected_users": 1546.0, "global_steps": 10, "_timestamp": 1685667976.7303295, "_runtime": 76.15562152862549, "_step": 10, "_wandb": {"runtime": 86}}