{"episodic_reward": 2197.0, "episodic_length": 100, "connected_users": 2197.0, "global_steps": 25, "_timestamp": 1684988023.8159256, "_runtime": 6557.313978672028, "_step": 25, "_wandb": {"runtime": 6617}}