{"episodic_reward": 2972.0, "episodic_length": 100, "connected_users": 2972.0, "global_steps": 20, "_timestamp": 1684986738.5519447, "_runtime": 5272.049997806549, "_step": 20}