{"episodic_reward": 2751.0, "episodic_length": 100, "connected_users": 2751.0, "global_steps": 11, "_timestamp": 1684981347.20701, "_runtime": 2876.218780040741, "_step": 11}