{"episodic_reward": 3695.0, "episodic_length": 100, "connected_users": 3695.0, "global_steps": 32, "_timestamp": 1684986873.838773, "_runtime": 8402.850543022156, "_step": 32}