{"episodic_reward": 2766.0, "episodic_length": 100, "connected_users": 2766.0, "global_steps": 5, "_timestamp": 1684979871.7418783, "_runtime": 1400.7536482810974, "_step": 5}