{"episodic_reward": 3048.0, "episodic_length": 100, "connected_users": 3048.0, "global_steps": 10, "_timestamp": 1684981109.6932025, "_runtime": 2638.7049725055695, "_step": 10}