{"episodic_reward": 2287.0, "episodic_length": 100, "connected_users": 2287.0, "global_steps": 149, "_timestamp": 1684950701.8529413, "_runtime": 34948.36073637009, "_step": 149, "_wandb": {"runtime": 34949}}