{"episodic_reward": 3071.0, "episodic_length": 100, "connected_users": 3071.0, "global_steps": 1, "_timestamp": 1684916147.6167722, "_runtime": 394.12456727027893, "_step": 1}