{"episodic_reward": 2623.0, "episodic_length": 100, "connected_users": 2623.0, "global_steps": 249, "_timestamp": 1685009547.8042486, "_runtime": 47259.9424495697, "_step": 249, "_wandb": {"runtime": 47261}}