{"episodic_reward": 3618.0, "episodic_length": 100, "connected_users": 3618.0, "global_steps": 89, "_timestamp": 1684979687.1017766, "_runtime": 17399.23997759819, "_step": 89}