{"episodic_reward": 1924.0, "episodic_length": 100, "connected_users": 2346.0, "global_steps": 79, "_timestamp": 1685500322.321021, "_runtime": 18983.65291404724, "_step": 79, "_wandb": {"runtime": 18984}}