{"episodic_reward": 2753.0, "episodic_length": 100, "connected_users": 2753.0, "global_steps": 249, "_timestamp": 1685010750.2230215, "_runtime": 48581.813034534454, "_step": 249, "_wandb": {"runtime": 48583}}