{"episodic_reward": 3859.0, "episodic_length": 100, "connected_users": 3859.0, "global_steps": 89, "_timestamp": 1684979543.7672071, "_runtime": 17375.357220172882, "_step": 89}