{"episodic_reward": 787.0, "episodic_length": 100, "connected_users": 1521.0, "global_steps": 82, "_timestamp": 1685654181.104649, "_runtime": 926.6828150749207, "_step": 82, "_wandb": {"runtime": 937}}