{"episodic_reward": 469.0, "episodic_length": 100, "connected_users": 1277.0, "global_steps": 35, "_timestamp": 1685654200.4121149, "_runtime": 637.8998029232025, "_step": 35, "_wandb": {"runtime": 637}}