{"episodic_reward": 3173.0, "episodic_length": 100, "connected_users": 3173.0, "global_steps": 0, "_timestamp": 1684916062.9020624, "_runtime": 206.74896144866943, "_step": 0}