{"episodic_reward": 3194.0, "episodic_length": 100, "connected_users": 3194.0, "global_steps": 149, "_timestamp": 1684951799.0395298, "_runtime": 35942.88642883301, "_step": 149, "_wandb": {"runtime": 35944}}