{"episodic_reward": 3384.0, "episodic_length": 100, "connected_users": 3566.0, "global_steps": 79, "_timestamp": 1685015122.9481733, "_runtime": 17727.027430295944, "_step": 79, "_wandb": {"runtime": 17728}}