{"episodic_reward": 1312.0, "episodic_length": 100, "connected_users": 1934.0, "global_steps": 22, "_timestamp": 1685668104.8580573, "_runtime": 1022.3395731449127, "_step": 22, "_wandb": {"runtime": 3000}}