{"episodic_reward": 2483.0, "episodic_length": 100, "connected_users": 3177.0, "global_steps": 17, "_timestamp": 1685657656.8679676, "_runtime": 434.7071657180786, "_step": 17, "_wandb": {"runtime": 9557}}