{"episodic_reward": 2131.0, "episodic_length": 100, "connected_users": 2715.0, "global_steps": 24, "_timestamp": 1685668925.3824072, "_runtime": 908.3236021995544, "_step": 24, "_wandb": {"runtime": 992}}