{"episodic_reward": 3636.0, "episodic_length": 100, "connected_users": 3804.0, "global_steps": 79, "_timestamp": 1685066043.2047112, "_runtime": 18454.47755908966, "_step": 79, "_wandb": {"runtime": 18455}}