{"episodic_reward": 1989.0, "episodic_length": 100, "connected_users": 2535.0, "global_steps": 0, "_timestamp": 1685481424.6981118, "_runtime": 158.064466714859, "_step": 0}