{"episodic_reward": 952.0, "episodic_length": 100, "connected_users": 1590.0, "global_steps": 27, "_timestamp": 1685654198.1851196, "_runtime": 602.6262106895447, "_step": 27, "_wandb": {"runtime": 608}}