{"episodic_reward": 890.0, "episodic_length": 100, "connected_users": 1678.0, "global_steps": 52, "_timestamp": 1685653224.4231796, "_runtime": 439.3712375164032, "_step": 52}