{"episodic_reward": 1642.0, "episodic_length": 100, "connected_users": 2496.0, "global_steps": 4, "_timestamp": 1685669067.4467318, "_runtime": 33.348336696624756, "_step": 4, "_wandb": {"runtime": 33}}