{"episodic_reward": 378.0, "episodic_length": 100, "connected_users": 1220.0, "global_steps": 51, "_timestamp": 1685656156.7837892, "_runtime": 749.0629811286926, "_step": 51, "_wandb": {"runtime": 758}}