{"episodic_reward": 2019.0, "episodic_length": 100, "connected_users": 2563.0, "global_steps": 2, "_timestamp": 1685655443.889348, "_runtime": 36.16854000091553, "_step": 2}