{"episodic_reward": 2706.0, "episodic_length": 100, "connected_users": 2706.0, "global_steps": 2, "_timestamp": 1684912400.7885342, "_runtime": 1054.6125440597534, "_step": 2}