{"episodic_reward": 1491.0, "episodic_length": 100, "connected_users": 1801.0, "global_steps": 199, "_timestamp": 1685577330.0796497, "_runtime": 4502.504792690277, "_step": 199, "_wandb": {"runtime": 4503}}