{"episodic_reward": 3297.0, "episodic_length": 100, "connected_users": 3449.0, "global_steps": 18, "_timestamp": 1684995499.8203788, "_runtime": 4420.188181877136, "_step": 18, "_wandb": {"runtime": 4532}}